series,model,MAE,RMSE,CRPS,Cov80,Width80,n
Chandrapur,AR-anomaly,1.2056514,1.633124,0.8791516219580325,0.8351548269581056,4.172254,2196
Chandrapur,Chronos-2,1.2826385,1.737898,0.9230114558065307,0.7663934426229508,3.9229925,2196
Chandrapur,Chronos-2+cov,1.2742275,1.717983,0.9155008083560644,0.7695810564663024,3.7216508,2196
Chandrapur,Chronos-2+cov+RH,1.2271038,1.6873922,0.8879200210859649,0.7600182149362478,3.5117362,2196
Chandrapur,Chronos-Bolt,1.2824023,1.7629706,0.9224942677672443,0.7691256830601093,3.8614717,2196
Chandrapur,Chronos-T5,1.2861402,1.7663146,0.9499557909304545,0.6575591985428051,3.2528722,2196
Chandrapur,Climatology,1.9271803,2.5185795,1.3440048164091474,0.7918943533697632,5.7258573,2196
Chandrapur,Persistence,1.2760695,1.7786252,0.9305427589474697,0.7873406193078324,3.9520013,2196
Chandrapur,Quantile-LSTM,1.2222567,1.7228626,0.8879661077913691,0.7431693989071039,3.3022285,2196
Jalgaon,AR-anomaly,1.0722471,1.4789711,0.7784117280119321,0.8629326047358834,3.8273747,2196
Jalgaon,Chronos-2,1.1053859,1.5424002,0.80575390625304,0.7928051001821493,3.5468197,2196
Jalgaon,Chronos-2+cov,1.1077572,1.5517182,0.8080651297901064,0.8164845173041895,3.6044838,2196
Jalgaon,Chronos-2+cov+RH,1.0973558,1.547097,0.8006183075255167,0.7982695810564663,3.434231,2196
Jalgaon,Chronos-Bolt,1.096307,1.541504,0.7970411068533289,0.825591985428051,3.667094,2196
Jalgaon,Chronos-T5,1.1571754,1.5991124,0.8477633448771874,0.686247723132969,2.9814239,2196
Jalgaon,Climatology,1.742503,2.285694,1.2504037235588323,0.7786885245901639,5.4306083,2196
Jalgaon,Persistence,1.1337619,1.5915807,0.8278694854528743,0.831511839708561,3.8350525,2196
Jalgaon,Quantile-LSTM,1.0706525,1.5194751,0.7757710641024542,0.7818761384335154,3.2399733,2196
Mumbai,AR-anomaly,0.80021006,1.0532817,0.5718174828967979,0.8415300546448088,2.8052666,2196
Mumbai,Chronos-2,0.7946864,1.0803052,0.574310139118952,0.7918943533697632,2.4659064,2196
Mumbai,Chronos-2+cov,0.80727386,1.0808576,0.5795191707732682,0.7896174863387978,2.5057297,2196
Mumbai,Chronos-2+cov+RH,0.7933264,1.0731424,0.5700636631591289,0.7809653916211293,2.3966649,2196
Mumbai,Chronos-Bolt,0.81251067,1.1180615,0.5897408583761781,0.8064663023679417,2.5938284,2196
Mumbai,Chronos-T5,0.8490359,1.1433793,0.6208091820273896,0.7213114754098361,2.3442376,2196
Mumbai,Climatology,1.1299299,1.4102775,0.7865701559494102,0.8123861566484517,3.611147,2196
Mumbai,Persistence,0.873077,1.1907692,0.6342029268415899,0.825136612021858,2.9784207,2196
Mumbai,Quantile-LSTM,0.8061653,1.079506,0.5810754265270164,0.8260473588342441,2.8626156,2196
Nagpur,AR-anomaly,1.3132418,1.7714198,0.9413495106651049,0.825591985428051,4.2038608,2196
Nagpur,Chronos-2,1.3849409,1.8549871,0.9893933288749668,0.7650273224043715,4.0849524,2196
Nagpur,Chronos-2+cov,1.3748777,1.8574136,0.9889086311086714,0.7768670309653917,4.044912,2196
Nagpur,Chronos-2+cov+RH,1.3353343,1.8178418,0.9606188826165781,0.76775956284153,3.824579,2196
Nagpur,Chronos-Bolt,1.3923942,1.8805087,0.9920469338136509,0.7909836065573771,4.2244225,2196
Nagpur,Chronos-T5,1.435081,1.9421086,1.0536243385438275,0.6516393442622951,3.5218203,2196
Nagpur,Climatology,2.16195,2.804769,1.5221983106849406,0.7436247723132969,6.0996814,2196
Nagpur,Persistence,1.3847938,1.8955914,1.0039445195969336,0.7723132969034608,4.1098666,2196
Nagpur,Quantile-LSTM,1.3182538,1.8846129,0.9599190360261226,0.7345173041894353,3.4108114,2196
Pune,AR-anomaly,0.83591217,1.1255747,0.5969242326925795,0.8269581056466302,2.7143748,2196
Pune,Chronos-2,0.8021126,1.1444573,0.5845873934018808,0.7982695810564663,2.5007796,2196
Pune,Chronos-2+cov,0.821751,1.1513592,0.5962305584354262,0.7950819672131147,2.4928608,2196
Pune,Chronos-2+cov+RH,0.8130434,1.142141,0.5904618691886492,0.7750455373406193,2.4168868,2196
Pune,Chronos-Bolt,0.8256724,1.1890607,0.6019774574154713,0.8060109289617486,2.6110513,2196
Pune,Chronos-T5,0.8418577,1.2075813,0.6186866022859548,0.7285974499089253,2.3071,2196
Pune,Climatology,1.2532763,1.5715122,0.8763756389524116,0.7240437158469946,3.5417657,2196
Pune,Persistence,0.86772954,1.2351375,0.6338874974813618,0.8128415300546448,2.8022416,2196
Pune,Quantile-LSTM,0.8014706,1.1235391,0.5808161532590516,0.8474499089253188,2.9286637,2196
Ratnagiri,AR-anomaly,0.8274367,1.1310866,0.5975593472050839,0.7991803278688525,2.5602288,2196
Ratnagiri,Chronos-2,0.80663687,1.1522377,0.584870693302502,0.7750455373406193,2.446685,2196
Ratnagiri,Chronos-2+cov,0.83312434,1.1597193,0.6001489592141358,0.7709471766848816,2.4066336,2196
Ratnagiri,Chronos-2+cov+RH,0.82989323,1.1592262,0.5982824381482623,0.7636612021857924,2.364536,2196
Ratnagiri,Chronos-Bolt,0.8111164,1.1715419,0.5913686058519534,0.7932604735883424,2.5297158,2196
Ratnagiri,Chronos-T5,0.84086937,1.1939797,0.617252338796626,0.7108378870673953,2.1952755,2196
Ratnagiri,Climatology,1.1485044,1.5106107,0.8181224917694954,0.7103825136612022,3.0866275,2196
Ratnagiri,Persistence,0.86791635,1.2512997,0.636414212491951,0.7823315118397086,2.5332708,2196
Ratnagiri,Quantile-LSTM,0.80181235,1.1342367,0.580050066253874,0.8442622950819673,2.8615427,2196
Sambhajinagar,AR-anomaly,1.0580949,1.4188746,0.7580458985660463,0.8410746812386156,3.5842946,2196
Sambhajinagar,Chronos-2,1.0920608,1.4772472,0.7854664244586653,0.7868852459016393,3.4190865,2196
Sambhajinagar,Chronos-2+cov,1.0914837,1.4872983,0.7874739169379618,0.7932604735883424,3.386424,2196
Sambhajinagar,Chronos-2+cov+RH,1.0740812,1.4707392,0.7757716835769799,0.767304189435337,3.2065012,2196
Sambhajinagar,Chronos-Bolt,1.0738654,1.4751439,0.7724921795098942,0.8060109289617486,3.4854465,2196
Sambhajinagar,Chronos-T5,1.1198242,1.5211732,0.8209551743386656,0.6844262295081968,2.9414296,2196
Sambhajinagar,Climatology,1.6900113,2.17574,1.2017958754393572,0.7586520947176685,4.9601393,2196
Sambhajinagar,Persistence,1.1213127,1.5345283,0.8102828048103277,0.7959927140255009,3.5283413,2196
Sambhajinagar,Quantile-LSTM,1.0445877,1.44068,0.7480340215975686,0.7818761384335154,3.2002084,2196
