model,lead,MAE,RMSE,CRPS,Cov80,Width80,n
AR-anomaly,1,0.80564046,1.1233883,0.5933101011445493,0.858971915109925,2.885159,31476
AR-anomaly,2,1.1232244,1.495265,0.8084664639982582,0.8432138772398018,3.8926327,31476
AR-anomaly,3,1.3030044,1.7202742,0.9321136123202265,0.8323166857288092,4.3723316,31476
AR-anomaly,4,1.4111722,1.8559144,1.0080490707189613,0.818242470453679,4.6047564,31476
AR-anomaly,5,1.4768611,1.9406239,1.0550887230257322,0.8093785741517346,4.7452135,31476
AR-anomaly,6,1.5249399,2.004371,1.0903664479109636,0.8029609861481763,4.8424606,31476
AR-anomaly,7,1.556323,2.0423946,1.1121525852278993,0.7986720040665904,4.914771,31476
Chronos-2,1,0.8481393,1.1824166,0.6138608454722282,0.8036281611386453,2.66634,31476
Chronos-2,2,1.1569551,1.556457,0.8293442627634295,0.7731287330029228,3.5665948,31476
Chronos-2,3,1.3375218,1.794153,0.9615357043121289,0.7630257974329648,4.0655274,31476
Chronos-2,4,1.4629095,1.9527688,1.0502642311744579,0.7651861735925785,4.451175,31476
Chronos-2,5,1.5493069,2.0605257,1.1115333038397948,0.7598487736688271,4.6832256,31476
Chronos-2,6,1.6244509,2.1528277,1.1622681227605063,0.7595310712924133,4.8924875,31476
Chronos-2,7,1.6751037,2.2142215,1.1971255861742038,0.7570847629940272,5.0352945,31476
Chronos-2+cov,1,0.84922093,1.1793392,0.616364766556457,0.829266742915237,2.8172486,31476
Chronos-2+cov,2,1.1625152,1.5602179,0.8330107657336208,0.7740818401321642,3.443983,31476
Chronos-2+cov,3,1.3468852,1.7959436,0.966695037809935,0.7434235608082348,3.8061264,31476
Chronos-2+cov,4,1.4719585,1.9471023,1.054049204561189,0.737291904943449,4.0818024,31476
Chronos-2+cov,5,1.549405,2.0465114,1.110826668065366,0.7212479349345533,4.219392,31476
Chronos-2+cov,6,1.6061451,2.1215284,1.1534114794866575,0.7248697420256703,4.3643904,31476
Chronos-2+cov,7,1.6416955,2.1692772,1.1794923934482955,0.7246155801245393,4.4810157,31476
Chronos-Bolt,1,0.83109504,1.1683975,0.6025180150880036,0.8214512644554581,2.7585003,31476
Chronos-Bolt,2,1.1529385,1.5647383,0.8256858458617573,0.7872347185156945,3.5806477,31476
Chronos-Bolt,3,1.3562667,1.8377208,0.9737691856697503,0.7671241580887025,4.081098,31476
Chronos-Bolt,4,1.5037131,2.0292158,1.0783772828005398,0.7682043461685093,4.4993253,31476
Chronos-Bolt,5,1.6170666,2.1776977,1.1578906868801864,0.7695704663870886,4.820953,31476
Chronos-Bolt,6,1.7091901,2.2995389,1.2234328486677863,0.7673465497521922,5.11506,31476
Chronos-Bolt,7,1.7860341,2.3857772,1.2735581056082685,0.771540221120854,5.413838,31476
Climatology,1,1.6808563,2.225967,1.1880580473008462,0.7695069259118058,4.977928,31476
Climatology,2,1.6835426,2.2279706,1.1897820127507786,0.7693798449612403,4.9870725,31476
Climatology,3,1.6891078,2.2325106,1.1932398858164057,0.768172575930868,4.995305,31476
Climatology,4,1.6936415,2.2367868,1.196409770508421,0.7670606176134197,5.0033517,31476
Climatology,5,1.6948633,2.2382517,1.1976022633043053,0.7669017664252129,5.0109043,31476
Climatology,6,1.6964748,2.2407484,1.1991418056493248,0.7665840640487991,5.0184236,31476
Climatology,7,1.6922723,2.2375417,1.1972305669645535,0.7679501842673783,5.026176,31476
Persistence,1,0.820272,1.1659205,0.6017280547991719,0.7999110433346042,2.544214,31476
Persistence,2,1.1796875,1.6062747,0.8528731514209985,0.7987673147795146,3.7096143,31476
Persistence,3,1.4128684,1.9086936,1.0204333075969432,0.8014677849790316,4.4653854,31476
Persistence,4,1.5759443,2.120117,1.1395067367824214,0.7950501969754734,4.956867,31476
Persistence,5,1.6850967,2.2676506,1.2210723479956893,0.7898716482399288,5.325378,31476
Persistence,6,1.7711155,2.3876126,1.2824774267716454,0.7959715338670733,5.630863,31476
Persistence,7,1.8337907,2.4684982,1.3253812929995012,0.8012771635531833,5.862603,31476
Quantile-LSTM,1,0.83311254,1.2060934,0.6055116765386465,0.7725886389630194,2.3726854,31476
Quantile-LSTM,2,1.1096144,1.5451052,0.8007204683145311,0.7804994281357225,3.3186152,31476
Quantile-LSTM,3,1.278289,1.7646734,0.9205229605647718,0.7802770364722328,3.824822,31476
Quantile-LSTM,4,1.3848066,1.889253,0.9976468578436184,0.7820243995425086,4.179236,31476
Quantile-LSTM,5,1.4541308,1.978657,1.0447711955254044,0.7682043461685093,4.251838,31476
Quantile-LSTM,6,1.5030608,2.0355542,1.0778721302013625,0.7726521794383022,4.443737,31476
Quantile-LSTM,7,1.5319092,2.0664206,1.0992204844560536,0.7721120853983988,4.52444,31476
