model,MAE,RMSE,CRPS,Cov80,Width80,n,CRPSS
Chronos-2+cov,1.2795,1.7678,0.9206,0.7622,3.662,35868,0.1751
Chronos-2+cov+RH,1.2564,1.7524,0.9067,0.7566,3.576,35868,0.1876
Chronos-2,1.2783,1.7801,0.921,0.7761,3.9164,35868,0.1748
Chronos-Bolt,1.3295,1.8761,0.9569,0.7895,4.0872,35868,0.1426
Chronos-T5,1.3836,1.9342,1.0161,0.6835,3.5005,35868,0.0896
Quantile-LSTM,1.2171,1.7134,0.8791,0.7947,3.7908,35868,0.2123
AR-anomaly,1.2409,1.6858,0.8881,0.8122,3.9702,35868,0.2043
Persistence,1.388,1.9494,1.0071,0.7969,4.3605,35868,0.0976
Climatology,1.5809,2.1047,1.116,0.7593,4.6416,35868,0.0
