model,Brier,BSS,AUC,events,n,lead
AR-anomaly,0.0053430086304102386,0.24018149484518314,0.9806585516209879,228,31476,1
Chronos-2,0.005724582265859674,0.1859186760199366,0.9806958873438075,228,31476,1
Chronos-2+cov,0.005669980127057924,0.1936835362985576,0.9717236639987066,228,31476,1
Chronos-Bolt,0.006747312470714087,0.04047827171171936,0.9860054201363624,228,31476,1
Climatology,0.007031953807602479,0.0,0.9079520036650767,228,31476,1
Persistence,0.007235796194983605,-0.028988015700664116,0.9865692456948824,228,31476,1
Quantile-LSTM,0.005533227944523204,0.21313078897915294,0.9868157176094358,228,31476,1
AR-anomaly,0.006288653444998778,0.1057022227542298,0.9760596608007474,228,31476,2
Chronos-2,0.006742801359298924,0.04111868768561844,0.9770435834209179,228,31476,2
Chronos-2+cov,0.006439276149106001,0.08428244653918626,0.9680334629135563,228,31476,2
Chronos-Bolt,0.008814657151483416,-0.2535160931827565,0.983964026329264,228,31476,2
Climatology,0.0070319457400043785,0.0,0.9079528458242381,228,31476,2
Persistence,0.010323712974900008,-0.4681161312393147,0.9814991668238697,228,31476,2
Quantile-LSTM,0.0057937046179150796,0.17608798017951255,0.9812511509508539,228,31476,2
AR-anomaly,0.006468464281255703,0.08012861329817589,0.9768470796166042,228,31476,3
Chronos-2,0.006961482915440002,0.010017113106215114,0.9630894271970247,228,31476,3
Chronos-2+cov,0.006627307409234675,0.05753975108160858,0.9541007817482775,228,31476,3
Chronos-Bolt,0.00991891374389472,-0.4105550472949322,0.9782157286136488,228,31476,3
Climatology,0.007031922478258857,0.0,0.9079536879833994,228,31476,3
Persistence,0.012323723430816365,-0.7525397171141435,0.9789822338103323,228,31476,3
Quantile-LSTM,0.005916783281507367,0.15858240761317455,0.9832547879555519,228,31476,3
AR-anomaly,0.006578377511138213,0.06449278889244481,0.972514030371628,228,31476,4
Chronos-2,0.007106080433117006,-0.010551534422510667,0.9452538997583565,228,31476,4
Chronos-2+cov,0.006691892151459223,0.048349938408905,0.9427998479621994,228,31476,4
Chronos-Bolt,0.011588244598138495,-0.6479574739031673,0.9699947112404668,228,31476,4
Climatology,0.007031883274689048,0.0,0.9079562144608835,228,31476,4
Persistence,0.013795634580657957,-0.9618691098463952,0.9739358757556975,228,31476,4
Quantile-LSTM,0.006158404751484231,0.12421686895015227,0.9800811111560263,228,31476,4
AR-anomaly,0.006828788140851734,0.028874318595156212,0.9553251408090118,228,31476,5
Chronos-2,0.007822451519704253,-0.11243509179677824,0.9297362750514279,228,31476,5
Chronos-2+cov,0.006961825683943099,0.009954977121646391,0.9145334775109817,228,31476,5
Chronos-Bolt,0.014000859679321093,-0.9910698817840962,0.9596785422337204,228,31476,5
Climatology,0.007031827364479863,0.0,0.9079612674158515,228,31476,5
Persistence,0.015616046710657009,-1.2207665093626927,0.9566317507478374,228,31476,5
Quantile-LSTM,0.006383268498265522,0.0922319096584241,0.9729887274189057,228,31476,5
AR-anomaly,0.006970388324144802,0.0087258112930364,0.9517813350580753,228,31476,6
Chronos-2,0.008336769781211454,-0.18559028808786326,0.9303201720699599,228,31476,6
Chronos-2+cov,0.0071232332944715865,-0.013010606667180014,0.9036758001634911,228,31476,6
Chronos-Bolt,0.015446302838751303,-1.1966525540575015,0.953028572776026,228,31476,6
Climatology,0.007031746012914051,0.0,0.9079688468483036,228,31476,6
Persistence,0.016778911008943513,-1.386165680348586,0.9568272720331295,228,31476,6
Quantile-LSTM,0.006530813863967393,0.07123865794166606,0.9695368573764159,228,31476,6
AR-anomaly,0.00704268621147994,-0.0015723161464238355,0.9434111151534752,228,31476,7
Chronos-2,0.008645788094393878,-0.2295566984793409,0.9265314383629324,228,31476,7
Chronos-2+cov,0.007194495951977662,-0.02316186718393065,0.8846296689303905,228,31476,7
Chronos-Bolt,0.016372081195720162,-1.3283478478148667,0.9472825208181745,228,31476,7
Climatology,0.007031630265677533,0.0,0.9079949537823053,228,31476,7
Persistence,0.017675718964841238,-1.5137440816703829,0.9524705019717754,228,31476,7
Quantile-LSTM,0.0065946038133223375,0.06215151193150592,0.9676216470836589,228,31476,7
