region,month,a,b,sigma,r,bias_point_minus_grid,n
Chandrapur,3,-1.0816138142476732,1.011978557573699,1.0497923829247793,0.9167975998907575,-0.6407827005693989,775
Chandrapur,4,0.5120754712131723,0.9722499436013697,1.0083434664793447,0.9001978590687407,-0.6084700500488281,750
Chandrapur,5,1.0770800762265689,0.9586875122060304,1.159772599215801,0.8866060064692795,-0.664460195233745,775
Chandrapur,6,-2.902786759676176,1.0434407201267284,1.881665356059998,0.9203929803909643,-1.288979382832845,750
Chandrapur,7,3.871976083075511,0.831879829842805,1.6037315102931216,0.7705649779645469,-1.4620517592891569,775
Jalgaon,3,3.233172164638473,0.8953189951758814,0.959758727094968,0.9243187933069683,-0.5338944392050466,775
Jalgaon,4,4.436063813538172,0.8761374308654996,0.8746216597295621,0.8875109285127369,-0.47914264017740893,750
Jalgaon,5,4.473370089708954,0.8809280948698927,0.9501263975945594,0.8630252748126193,-0.35132814271988405,775
Jalgaon,6,0.5024081878848592,0.9691197558249359,1.7608148957808767,0.890905696182055,-0.6150102330525717,750
Jalgaon,7,4.984581525219933,0.8244766295541549,1.634637950072452,0.7765826070774622,-0.4081858294087072,775
Mumbai,3,3.0825262192340523,0.8489553086457107,1.5506699485345774,0.69822412443655,-2.10057663062311,775
Mumbai,4,6.52993587879114,0.730920130151239,1.3829009436826303,0.5522973107664058,-3.1000520065307624,750
Mumbai,5,8.12526973918004,0.6752851740410954,0.9219777960987239,0.6300059535888528,-3.5367664479901717,775
Mumbai,6,7.541137736588568,0.6861897674329024,0.9376158876854445,0.8618119596455722,-2.717373080444336,750
Mumbai,7,13.926516858719088,0.46990747811236117,0.7041971594197878,0.6837223803394225,-1.7232789247574343,775
Nagpur,3,1.9445227201513482,0.9689214746708122,1.2332118912617716,0.9091547106754274,0.8709123382568359,775
Nagpur,4,3.3765342407725574,0.936246593919089,0.9890974051638901,0.907720594131792,0.9084746409098307,750
Nagpur,5,0.3664838562025842,1.0070100899881842,1.1214298600060542,0.8818706754687367,0.6522791974467617,775
Nagpur,6,-1.0520081935771288,1.0252955148011424,1.9030220272450558,0.923455134412069,-0.14260562591552725,750
Nagpur,7,4.604681726640371,0.8339681572008899,1.5996698779877305,0.8009936437030509,-0.4029927722561744,775
Pune,3,1.3710594565539231,0.9864938020946514,1.22343988191267,0.7985497168976728,0.9120816138482863,775
Pune,4,-2.5393388096481324,1.1198302803328906,1.2488756489813355,0.7100239644775433,1.707676784769694,750
Pune,5,-19.070182635032925,1.5610351714465667,1.590130794547274,0.770212472404936,0.6387687929214969,775
Pune,6,-9.07389806261183,1.2475479751367602,1.4208932460698007,0.9083110919494232,-1.3957483179728192,750
Pune,7,-0.13833745114333276,0.935521734262562,1.0074879955684353,0.7896872433795693,-1.9486815018192414,775
Ratnagiri,3,-0.8487927847571388,0.9803660955985073,1.2782511836859272,0.6491612482094897,-1.5049693007930633,775
Ratnagiri,4,10.626606982382993,0.6339487344458535,0.9219055486641101,0.5457193659447602,-1.9709976572672525,750
Ratnagiri,5,8.721913918620603,0.684369564944192,0.8502292122339467,0.7275076944264991,-2.1194222766507056,775
Ratnagiri,6,3.327956824662672,0.827866972306185,1.0487863709004446,0.8596867704522206,-1.981116258239746,750
Ratnagiri,7,8.3889967376581,0.6402574554723521,0.8057305738404541,0.6934092336331172,-1.95373996316233,775
Sambhajinagar,3,-1.622439899484486,0.976879670469046,0.9097877180322116,0.919877052611007,-2.4693402153753463,775
Sambhajinagar,4,0.45556974732260563,0.9369263184695893,0.8357317320291254,0.8933984038837794,-2.0455868286132812,750
Sambhajinagar,5,2.5904697391067004,0.8927700520592311,1.0653102066870097,0.8483767725339503,-1.7187227802891885,775
Sambhajinagar,6,-3.956878599181259,1.049626440782321,1.7144261368373863,0.9035438607612575,-2.2155677927652997,750
Sambhajinagar,7,3.4397140495216574,0.809928456671731,1.3212563437360696,0.7916406439493014,-2.408472474128969,775
