region,year,tmax_rule_hw,humid_missed,hi_danger,hi_max,imd_orange_or_red
Mumbai,1991,0,19,19,43.291801834611164,0
Mumbai,1992,0,7,7,41.21477343183119,0
Mumbai,1993,0,6,6,43.03167656977783,0
Mumbai,1994,0,9,9,41.35637712671782,0
Mumbai,1995,0,15,15,41.18751464001566,0
Mumbai,1996,1,9,9,42.31822960411561,0
Mumbai,1997,1,3,3,40.04767740577785,0
Mumbai,1998,1,30,31,44.57849359261124,0
Mumbai,1999,1,1,1,39.57055734727106,0
Mumbai,2000,2,1,1,39.81084107481573,0
Mumbai,2001,1,4,4,41.17831338780448,0
Mumbai,2002,1,12,12,42.59466067860443,0
Mumbai,2003,0,5,5,40.820351291277746,0
Mumbai,2004,2,7,7,44.67231069948442,0
Mumbai,2005,1,7,7,40.955337883111156,0
Mumbai,2006,0,2,2,39.8160761048511,0
Mumbai,2007,2,13,13,43.190394611111124,0
Mumbai,2008,0,5,5,40.955337883111156,0
Mumbai,2009,3,4,4,40.564670267111104,0
Mumbai,2010,0,34,34,44.43423737794444,0
Mumbai,2011,1,6,6,40.69638615836445,0
Mumbai,2012,0,0,0,38.40255063407126,0
Mumbai,2013,1,7,7,41.395034168984445,0
Mumbai,2014,0,18,18,42.11602909447109,0
Mumbai,2015,1,25,25,42.03863603539556,0
Mumbai,2016,0,32,32,42.45766400785797,0
Mumbai,2017,0,6,6,40.3555803886845,0
Mumbai,2018,0,6,6,41.45707028340455,0
Mumbai,2019,0,7,7,41.35637712671782,0
Mumbai,2020,0,8,8,41.35420553955563,0
Mumbai,2021,2,4,4,39.80531268339558,0
Mumbai,2022,2,5,5,40.69794478863116,0
Mumbai,2023,3,18,18,42.2729401691112,0
Mumbai,2024,8,25,29,44.04168816955566,0
Pune,1991,0,6,6,40.698667121555545,0
Pune,1992,0,0,0,38.97855102628449,0
Pune,1993,0,0,0,39.144368171555605,0
Pune,1994,0,1,1,39.45372744439119,0
Pune,1995,0,0,0,38.62850919129554,0
Pune,1996,0,1,1,39.9688822841156,0
Pune,1997,0,0,0,36.8633701459444,0
Pune,1998,0,0,0,39.179633978524485,0
Pune,1999,0,0,0,37.573510992337816,0
Pune,2000,0,0,0,37.399496200835614,0
Pune,2001,0,0,0,38.79361457499559,0
Pune,2002,0,1,1,40.08488596865782,0
Pune,2003,2,0,0,38.117441081555604,0
Pune,2004,0,1,1,39.69669686844449,0
Pune,2005,1,0,0,38.82503706786445,0
Pune,2006,0,0,0,38.38118329681559,0
Pune,2007,0,0,0,38.012168630595575,0
Pune,2008,0,0,0,38.012168630595575,0
Pune,2009,0,0,0,38.09898897828451,0
Pune,2010,1,0,1,40.14102533244447,0
Pune,2011,0,0,0,37.51337582548451,0
Pune,2012,0,0,0,37.58903738637111,0
Pune,2013,0,0,0,39.2577313561956,0
Pune,2014,0,1,1,39.778613434524445,0
Pune,2015,0,0,0,38.732425056515616,0
Pune,2016,1,0,0,39.32344949468448,0
Pune,2017,0,0,0,38.627936674097775,0
Pune,2018,0,0,0,38.60653196303112,0
Pune,2019,3,0,0,39.075180018356704,0
Pune,2020,0,0,0,38.00857519012446,0
Pune,2021,0,0,0,36.908824515277786,0
Pune,2022,1,0,0,39.07631835555556,0
Pune,2023,0,0,0,37.80201788290545,0
Pune,2024,2,3,5,41.68565237236445,0
Ratnagiri,1991,0,13,13,41.35420553955563,0
Ratnagiri,1992,0,2,2,39.88056831955563,0
Ratnagiri,1993,0,2,2,39.818373129004456,0
Ratnagiri,1994,0,3,3,39.62064495931553,0
Ratnagiri,1995,0,5,5,40.82959411971574,0
Ratnagiri,1996,0,1,1,39.8160761048511,0
Ratnagiri,1997,0,0,0,39.32963623612454,0
Ratnagiri,1998,0,20,20,44.04168816955566,0
Ratnagiri,1999,0,0,0,38.04111502731559,0
Ratnagiri,2000,0,0,0,37.73742137107563,0
Ratnagiri,2001,0,0,0,38.139577415111034,0
Ratnagiri,2002,0,5,5,41.07376461655109,0
Ratnagiri,2003,0,2,2,39.57055734727106,0
Ratnagiri,2004,0,6,6,41.555985979395615,0
Ratnagiri,2005,0,3,3,40.18928596239121,0
Ratnagiri,2006,0,0,0,38.396241672764496,0
Ratnagiri,2007,0,0,0,39.386496818595646,0
Ratnagiri,2008,0,0,0,39.11286139833555,0
Ratnagiri,2009,0,2,2,40.43545014644451,0
Ratnagiri,2010,0,12,12,41.28923847196443,0
Ratnagiri,2011,0,0,0,38.81428645155561,0
Ratnagiri,2012,0,0,0,38.16772704802459,0
Ratnagiri,2013,0,2,2,39.6887969531112,0
Ratnagiri,2014,0,9,9,41.47625143479124,0
Ratnagiri,2015,0,5,5,40.94211754771564,0
Ratnagiri,2016,0,4,4,40.94211754771564,0
Ratnagiri,2017,0,1,1,41.62761506321785,0
Ratnagiri,2018,0,3,3,40.18428475833564,0
Ratnagiri,2019,0,2,2,39.64399024305568,0
Ratnagiri,2020,0,11,11,40.5964938603712,0
Ratnagiri,2021,8,9,10,41.48538101113785,0
Ratnagiri,2022,3,6,7,41.35420553955563,0
Ratnagiri,2023,1,6,6,41.81473200289784,0
Ratnagiri,2024,0,19,19,43.03167656977783,0
