bin,p_mean,o_freq,n,model
0,0.009174981845307496,0.001476313372118455,91444,AR-anomaly
1,0.13929595441869783,0.13257403189066058,2195,AR-anomaly
2,0.2386912139886584,0.2560483870967742,496,AR-anomaly
3,0.34432633382794736,0.3696969696969697,165,AR-anomaly
4,0.44071461752587104,0.45714285714285713,70,AR-anomaly
5,0.5487339622240772,0.6451612903225806,31,AR-anomaly
6,0.6624486344687346,0.75,16,AR-anomaly
7,0.7567455527379647,0.5454545454545454,11,AR-anomaly
0,0.004913222655424035,0.002010665267943002,91512,Chronos-2
1,0.14094874998703735,0.09717186366932559,1379,Chronos-2
2,0.24783350390008108,0.1716867469879518,664,Chronos-2
3,0.34691755206712643,0.25066666666666665,375,Chronos-2
4,0.44578591399353534,0.2511415525114155,219,Chronos-2
5,0.5475600215427638,0.32116788321167883,137,Chronos-2
6,0.6511741449611032,0.2727272727272727,66,Chronos-2
7,0.7480584186999265,0.6,45,Chronos-2
8,0.8437023432371418,0.5,26,Chronos-2
9,0.9138352555907556,0.2,5,Chronos-2
0,0.004993308754090494,0.003907135379002925,92651,Chronos-2+cov
1,0.1400517858867377,0.12369477911646587,1245,Chronos-2+cov
2,0.23927416384256767,0.2553191489361702,329,Chronos-2+cov
3,0.339748233099891,0.2972972972972973,111,Chronos-2+cov
4,0.4452289405988472,0.43243243243243246,37,Chronos-2+cov
5,0.5455983301672835,0.6857142857142857,35,Chronos-2+cov
6,0.6326897995088917,0.7142857142857143,14,Chronos-2+cov
7,0.7217408285315124,0.16666666666666666,6,Chronos-2+cov
0,0.007248184652778214,0.0005262568581345874,89310,Chronos-Bolt
1,0.1480072176374878,0.03319919517102616,1988,Chronos-Bolt
2,0.24513133209894888,0.07252298263534218,979,Chronos-Bolt
3,0.3475853255520592,0.15029761904761904,672,Chronos-Bolt
4,0.44699479662064173,0.17016806722689076,476,Chronos-Bolt
5,0.5492491267966246,0.27648578811369506,387,Chronos-Bolt
6,0.6485253248834192,0.30141843971631205,282,Chronos-Bolt
7,0.7413219450637226,0.3317307692307692,208,Chronos-Bolt
8,0.8410989997047281,0.47058823529411764,102,Chronos-Bolt
9,0.9213455407485487,0.375,24,Chronos-Bolt
0,0.00882648952014222,0.006667948964544463,93582,Climatology
1,0.12333558140938962,0.07092198581560284,846,Climatology
0,0.010227108670617779,0.00028018071656218263,85659,Persistence
1,0.14410927648728555,0.011947127605490595,3934,Persistence
2,0.2470188285931194,0.03167420814479638,1989,Persistence
3,0.345591944776529,0.08941755537325677,1219,Persistence
4,0.44227147433263964,0.17639257294429708,754,Persistence
5,0.5437163759198798,0.3049095607235142,387,Persistence
6,0.6493246822287444,0.3545816733067729,251,Persistence
7,0.7435790218306102,0.4,180,Persistence
8,0.8369374965264744,0.5471698113207547,53,Persistence
9,0.9020975632387738,0.0,2,Persistence
0,0.0032716331183034893,0.0015395870412631164,91583,Quantile-LSTM
1,0.1441544759337814,0.10469798657718121,1490,Quantile-LSTM
2,0.2420693207453946,0.22592592592592592,810,Quantile-LSTM
3,0.3479534045165221,0.2802547770700637,314,Quantile-LSTM
4,0.4476750020241242,0.44370860927152317,151,Quantile-LSTM
5,0.5658402740809951,0.5263157894736842,38,Quantile-LSTM
6,0.6252211577707257,0.6296296296296297,27,Quantile-LSTM
7,0.7439088728466711,0.7272727272727273,11,Quantile-LSTM
8,0.8264589941409768,1.0,4,Quantile-LSTM
