model,check,hits,misses,false_alarms,POD,FAR,CSI
Chronos-2+cov,yellow_vs_hot90,1254,978,1066,0.5618279569892473,0.45948275862068966,0.3802304426925409
Chronos-2+cov,orange_vs_imd_hw,21,84,32,0.2,0.6037735849056604,0.15328467153284672
Chronos-2+cov,red_vs_imd_severe,0,3,0,0.0,,0.0
Chronos-2+cov+RH,yellow_vs_hot90,1492,740,1562,0.6684587813620072,0.5114603798297315,0.39325250395361094
Chronos-2+cov+RH,orange_vs_imd_hw,34,71,60,0.3238095238095238,0.6382978723404256,0.20606060606060606
Chronos-2+cov+RH,red_vs_imd_severe,0,3,0,0.0,,0.0
Chronos-2,yellow_vs_hot90,1472,760,1569,0.6594982078853047,0.5159487010851693,0.38726650881347013
Chronos-2,orange_vs_imd_hw,69,36,146,0.6571428571428571,0.6790697674418604,0.2749003984063745
Chronos-2,red_vs_imd_severe,0,3,0,0.0,,0.0
Chronos-Bolt,yellow_vs_hot90,1567,665,1719,0.7020609318996416,0.5231284236153378,0.3966084535560618
Chronos-Bolt,orange_vs_imd_hw,72,33,133,0.6857142857142857,0.6487804878048781,0.3025210084033613
Chronos-Bolt,red_vs_imd_severe,0,3,3,0.0,1.0,0.0
Chronos-T5,yellow_vs_hot90,1670,562,2394,0.7482078853046595,0.5890748031496063,0.3610030263726762
Chronos-T5,orange_vs_imd_hw,75,30,148,0.7142857142857143,0.6636771300448431,0.2964426877470356
Chronos-T5,red_vs_imd_severe,0,3,4,0.0,1.0,0.0
Quantile-LSTM,yellow_vs_hot90,1614,618,1814,0.7231182795698925,0.529171528588098,0.39891250617894214
Quantile-LSTM,orange_vs_imd_hw,28,77,37,0.26666666666666666,0.5692307692307692,0.19718309859154928
Quantile-LSTM,red_vs_imd_severe,0,3,0,0.0,,0.0
AR-anomaly,yellow_vs_hot90,1437,795,1394,0.6438172043010753,0.4924055104203462,0.3963044677330392
AR-anomaly,orange_vs_imd_hw,48,57,80,0.45714285714285713,0.625,0.2594594594594595
AR-anomaly,red_vs_imd_severe,0,3,0,0.0,,0.0
Persistence,yellow_vs_hot90,1431,801,1224,0.6411290322580645,0.4610169491525424,0.4140625
Persistence,orange_vs_imd_hw,38,67,37,0.3619047619047619,0.49333333333333335,0.2676056338028169
Persistence,red_vs_imd_severe,0,3,3,0.0,1.0,0.0
Climatology,yellow_vs_hot90,1434,798,6846,0.6424731182795699,0.8268115942028985,0.1579643093192333
Climatology,orange_vs_imd_hw,12,93,204,0.11428571428571428,0.9444444444444444,0.038834951456310676
Climatology,red_vs_imd_severe,0,3,0,0.0,,0.0
